unres_alias	SILENT	/workspace/tools/array-return-probes/probes/unres_alias.js:1|const o={k:1}; const p=o; console.log(p.zork());|                                        ^||TypeError: p.zork is not a function|    at Object.<anonymous> (/workspace/tools/array-return-probes/probes/unres_alias.js:1:41)|    at Module._compile (node:internal/modules/cjs/loader:1956:14)|    at Object..js (node:internal/modules/cjs/loader:2096:10)|    at Module.load (node:internal/modules/cjs/loader:1678:32)|    at Module._load (node:internal/modules/cjs/loader:1470:12)|    at wrapModuleLoad (node:internal/modules/cjs/loader:261:19)|    at Module.executeUserEntryPoint [as runMain] (node:internal/modules/run_main:171:5)|    at node:internal/main/run_main_module:33:47||Node.js v26.10.0	0	0
unres_arr	SILENT	/workspace/tools/array-return-probes/probes/unres_arr.js:1|const a=[1,2]; console.log(a.zork());|                             ^||TypeError: a.zork is not a function|    at Object.<anonymous> (/workspace/tools/array-return-probes/probes/unres_arr.js:1:30)|    at Module._compile (node:internal/modules/cjs/loader:1956:14)|    at Object..js (node:internal/modules/cjs/loader:2096:10)|    at Module.load (node:internal/modules/cjs/loader:1678:32)|    at Module._load (node:internal/modules/cjs/loader:1470:12)|    at wrapModuleLoad (node:internal/modules/cjs/loader:261:19)|    at Module.executeUserEntryPoint [as runMain] (node:internal/modules/run_main:171:5)|    at node:internal/main/run_main_module:33:47||Node.js v26.10.0	0	0
unres_call_pop	SILENT	2	3	0
unres_call_push	SILENT	4	3	0
unres_deep	SILENT	/workspace/tools/array-return-probes/probes/unres_deep.js:1|const o={a:{b:{}}}; console.log(o.a.b.zork());|                                      ^||TypeError: o.a.b.zork is not a function|    at Object.<anonymous> (/workspace/tools/array-return-probes/probes/unres_deep.js:1:39)|    at Module._compile (node:internal/modules/cjs/loader:1956:14)|    at Object..js (node:internal/modules/cjs/loader:2096:10)|    at Module.load (node:internal/modules/cjs/loader:1678:32)|    at Module._load (node:internal/modules/cjs/loader:1470:12)|    at wrapModuleLoad (node:internal/modules/cjs/loader:261:19)|    at Module.executeUserEntryPoint [as runMain] (node:internal/modules/run_main:171:5)|    at node:internal/main/run_main_module:33:47||Node.js v26.10.0	0	0
unres_f_call_push	SILENT	4	3	0
unres_fnres	SILENT	/workspace/tools/array-return-probes/probes/unres_fnres.js:1|function mk(){ return {k:1}; } const o=mk(); console.log(o.zork());|                                                           ^||TypeError: o.zork is not a function|    at Object.<anonymous> (/workspace/tools/array-return-probes/probes/unres_fnres.js:1:60)|    at Module._compile (node:internal/modules/cjs/loader:1956:14)|    at Object..js (node:internal/modules/cjs/loader:2096:10)|    at Module.load (node:internal/modules/cjs/loader:1678:32)|    at Module._load (node:internal/modules/cjs/loader:1470:12)|    at wrapModuleLoad (node:internal/modules/cjs/loader:261:19)|    at Module.executeUserEntryPoint [as runMain] (node:internal/modules/run_main:171:5)|    at node:internal/main/run_main_module:33:47||Node.js v26.10.0	0	0
unres_hasown	SILENT	true	0	0
unres_inmain	SILENT	/workspace/tools/array-return-probes/probes/unres_inmain.js:1|function main(){ const o={k:1}; console.log(o.zork()); } main();|                                              ^||TypeError: o.zork is not a function|    at main (/workspace/tools/array-return-probes/probes/unres_inmain.js:1:47)|    at Object.<anonymous> (/workspace/tools/array-return-probes/probes/unres_inmain.js:1:58)|    at Module._compile (node:internal/modules/cjs/loader:1956:14)|    at Object..js (node:internal/modules/cjs/loader:2096:10)|    at Module.load (node:internal/modules/cjs/loader:1678:32)|    at Module._load (node:internal/modules/cjs/loader:1470:12)|    at wrapModuleLoad (node:internal/modules/cjs/loader:261:19)|    at Module.executeUserEntryPoint [as runMain] (node:internal/modules/run_main:171:5)|    at node:internal/main/run_main_module:33:47||Node.js v26.10.0	0	0
unres_inst_extends	SILENT	/workspace/tools/array-return-probes/probes/unres_inst_extends.js:1|class A{ f(){return 1;} } class B extends A{} const b=new B(); console.log(b.g());|                                                                             ^||TypeError: b.g is not a function|    at Object.<anonymous> (/workspace/tools/array-return-probes/probes/unres_inst_extends.js:1:78)|    at Module._compile (node:internal/modules/cjs/loader:1956:14)|    at Object..js (node:internal/modules/cjs/loader:2096:10)|    at Module.load (node:internal/modules/cjs/loader:1678:32)|    at Module._load (node:internal/modules/cjs/loader:1470:12)|    at wrapModuleLoad (node:internal/modules/cjs/loader:261:19)|    at Module.executeUserEntryPoint [as runMain] (node:internal/modules/run_main:171:5)|    at node:internal/main/run_main_module:33:47||Node.js v26.10.0	0	0
unres_inst	SILENT	/workspace/tools/array-return-probes/probes/unres_inst.js:1|class C{ f(){return 1;} } const c=new C(); console.log(c.g());|                                                         ^||TypeError: c.g is not a function|    at Object.<anonymous> (/workspace/tools/array-return-probes/probes/unres_inst.js:1:58)|    at Module._compile (node:internal/modules/cjs/loader:1956:14)|    at Object..js (node:internal/modules/cjs/loader:2096:10)|    at Module.load (node:internal/modules/cjs/loader:1678:32)|    at Module._load (node:internal/modules/cjs/loader:1470:12)|    at wrapModuleLoad (node:internal/modules/cjs/loader:261:19)|    at Module.executeUserEntryPoint [as runMain] (node:internal/modules/run_main:171:5)|    at node:internal/main/run_main_module:33:47||Node.js v26.10.0	0	0
unres_letre	SILENT	/workspace/tools/array-return-probes/probes/unres_letre.js:1|let o={k:1}; o={k:2}; console.log(o.zork());|                                    ^||TypeError: o.zork is not a function|    at Object.<anonymous> (/workspace/tools/array-return-probes/probes/unres_letre.js:1:37)|    at Module._compile (node:internal/modules/cjs/loader:1956:14)|    at Object..js (node:internal/modules/cjs/loader:2096:10)|    at Module.load (node:internal/modules/cjs/loader:1678:32)|    at Module._load (node:internal/modules/cjs/loader:1470:12)|    at wrapModuleLoad (node:internal/modules/cjs/loader:261:19)|    at Module.executeUserEntryPoint [as runMain] (node:internal/modules/run_main:171:5)|    at node:internal/main/run_main_module:33:47||Node.js v26.10.0	0	0
unres_lit_obj	SILENT	/workspace/tools/array-return-probes/probes/unres_lit_obj.js:1|console.log(({k:1}).zork());|                    ^||TypeError: {(intermediate value)}.zork is not a function|    at Object.<anonymous> (/workspace/tools/array-return-probes/probes/unres_lit_obj.js:1:21)|    at Module._compile (node:internal/modules/cjs/loader:1956:14)|    at Object..js (node:internal/modules/cjs/loader:2096:10)|    at Module.load (node:internal/modules/cjs/loader:1678:32)|    at Module._load (node:internal/modules/cjs/loader:1470:12)|    at wrapModuleLoad (node:internal/modules/cjs/loader:261:19)|    at Module.executeUserEntryPoint [as runMain] (node:internal/modules/run_main:171:5)|    at node:internal/main/run_main_module:33:47||Node.js v26.10.0	0	0
unres_lit_str	SILENT	/workspace/tools/array-return-probes/probes/unres_lit_str.js:1|console.log("abc".zork());|                  ^||TypeError: "abc".zork is not a function|    at Object.<anonymous> (/workspace/tools/array-return-probes/probes/unres_lit_str.js:1:19)|    at Module._compile (node:internal/modules/cjs/loader:1956:14)|    at Object..js (node:internal/modules/cjs/loader:2096:10)|    at Module.load (node:internal/modules/cjs/loader:1678:32)|    at Module._load (node:internal/modules/cjs/loader:1470:12)|    at wrapModuleLoad (node:internal/modules/cjs/loader:261:19)|    at Module.executeUserEntryPoint [as runMain] (node:internal/modules/run_main:171:5)|    at node:internal/main/run_main_module:33:47||Node.js v26.10.0	0	0
unres_num	SILENT	/workspace/tools/array-return-probes/probes/unres_num.js:1|const n=5; console.log(n.zork());|                         ^||TypeError: n.zork is not a function|    at Object.<anonymous> (/workspace/tools/array-return-probes/probes/unres_num.js:1:26)|    at Module._compile (node:internal/modules/cjs/loader:1956:14)|    at Object..js (node:internal/modules/cjs/loader:2096:10)|    at Module.load (node:internal/modules/cjs/loader:1678:32)|    at Module._load (node:internal/modules/cjs/loader:1470:12)|    at wrapModuleLoad (node:internal/modules/cjs/loader:261:19)|    at Module.executeUserEntryPoint [as runMain] (node:internal/modules/run_main:171:5)|    at node:internal/main/run_main_module:33:47||Node.js v26.10.0	0	0
unres_objlit	SILENT	/workspace/tools/array-return-probes/probes/unres_objlit.js:1|const o={k:1}; console.log(o.zork(4));|                             ^||TypeError: o.zork is not a function|    at Object.<anonymous> (/workspace/tools/array-return-probes/probes/unres_objlit.js:1:30)|    at Module._compile (node:internal/modules/cjs/loader:1956:14)|    at Object..js (node:internal/modules/cjs/loader:2096:10)|    at Module.load (node:internal/modules/cjs/loader:1678:32)|    at Module._load (node:internal/modules/cjs/loader:1470:12)|    at wrapModuleLoad (node:internal/modules/cjs/loader:261:19)|    at Module.executeUserEntryPoint [as runMain] (node:internal/modules/run_main:171:5)|    at node:internal/main/run_main_module:33:47||Node.js v26.10.0	0	0
unres_ok_alias_method	CORRECT	6	6	0
unres_ok_et	CORRECT	ok	ok	0
unres_ok_extends	CORRECT	4	4	0
unres_ok_freecall	CORRECT	2	2	0
unres_ok_free_unused	CORRECT	ok	ok	0
unres_ok_getter	SILENT	7	0	0
unres_ok_host_alias	SILENT	number	0	0
unres_ok_host_let	CORRECT	ok	ok	0
unres_ok_import	SILENT	file:///workspace/tools/array-return-probes/probes/unres_ok_import.js:1|import {m} from "./unres_lib/m.js"; console.log(m.zork());|                                                  ^||TypeError: m.zork is not a function|    at file:///workspace/tools/array-return-probes/probes/unres_ok_import.js:1:51|    at ModuleJob.run (node:internal/modules/esm/module_job:569:25)|    at async node:internal/modules/esm/loader:650:26|    at async asyncRunEntryPointWithESMLoader (node:internal/modules/run_main:105:5)||Node.js v26.10.0	0	0
unres_ok_inst_method	CORRECT	2	2	0
unres_ok_proto_toplevel	CORRECT	ok	ok	0
unres_ok_usp	CORRECT	a=1&b=2	a=1&b=2	0
unres_param	SILENT	/workspace/tools/array-return-probes/probes/unres_param.js:1|function g(x){ return x.zork(); } const o={k:1}; console.log(g(o));|                        ^||TypeError: x.zork is not a function|    at g (/workspace/tools/array-return-probes/probes/unres_param.js:1:25)|    at Object.<anonymous> (/workspace/tools/array-return-probes/probes/unres_param.js:1:62)|    at Module._compile (node:internal/modules/cjs/loader:1956:14)|    at Object..js (node:internal/modules/cjs/loader:2096:10)|    at Module.load (node:internal/modules/cjs/loader:1678:32)|    at Module._load (node:internal/modules/cjs/loader:1470:12)|    at wrapModuleLoad (node:internal/modules/cjs/loader:261:19)|    at Module.executeUserEntryPoint [as runMain] (node:internal/modules/run_main:171:5)|    at node:internal/main/run_main_module:33:47||Node.js v26.10.0	0	0
unres_proto_pop	SILENT	2	3	0
unres_proto_push	SILENT	4	3	0
unres_str	SILENT	/workspace/tools/array-return-probes/probes/unres_str.js:1|const s="abc"; console.log(s.zork());|                             ^||TypeError: s.zork is not a function|    at Object.<anonymous> (/workspace/tools/array-return-probes/probes/unres_str.js:1:30)|    at Module._compile (node:internal/modules/cjs/loader:1956:14)|    at Object..js (node:internal/modules/cjs/loader:2096:10)|    at Module.load (node:internal/modules/cjs/loader:1678:32)|    at Module._load (node:internal/modules/cjs/loader:1470:12)|    at wrapModuleLoad (node:internal/modules/cjs/loader:261:19)|    at Module.executeUserEntryPoint [as runMain] (node:internal/modules/run_main:171:5)|    at node:internal/main/run_main_module:33:47||Node.js v26.10.0	0	0
unres_strkey	SILENT	/workspace/tools/array-return-probes/probes/unres_strkey.js:1|const o={k:1}; console.log(o["zork"](4));|                                    ^||TypeError: o.zork is not a function|    at Object.<anonymous> (/workspace/tools/array-return-probes/probes/unres_strkey.js:1:37)|    at Module._compile (node:internal/modules/cjs/loader:1956:14)|    at Object..js (node:internal/modules/cjs/loader:2096:10)|    at Module.load (node:internal/modules/cjs/loader:1678:32)|    at Module._load (node:internal/modules/cjs/loader:1470:12)|    at wrapModuleLoad (node:internal/modules/cjs/loader:261:19)|    at Module.executeUserEntryPoint [as runMain] (node:internal/modules/run_main:171:5)|    at node:internal/main/run_main_module:33:47||Node.js v26.10.0	0	0
